{
  "airsdk-samples": 1.006104588508606,
  "alchemy": 1.4994854927062988,
  "dragon_build": 0.3758358955383301,
  "dragon_buildext_mission": 0.3479501008987427,
  "dragon_buildext_sign": 0.8608773946762085,
  "repo": 0.26476287841796875
}